Pathogens,TTTTTTTTTTTTTTTTTTTTTTTTTTTTTTTTTTTTTTTTTTTTTTTTTTTTTTTTTTTTTTTTTTTTTTTTTTTTTTTTTTTTTTTTTTTTTTTTTTTT,TTTTTTTTTTTTTTTTTTTTTTTTTTTTTTTTTTTTTTTTTTTTTTTTTTTTTTTTTTTTTTTTTTTTTTTTTTTTTTTTTTTTTTTTTTTTTCTTTTTT,TTTTTTTTTTTTTTTTTTTTTTTTTTTTTTTTTTTTTTTTTTTTTTTTTTATTTTTTTTTTTTTTTTTTTTTTTTTTTTTTTTTTTTTTTTTTTTTTTTT,TTTTTTTTTTTTTTTTTTTTTTTTTTTTTTTTTTTTTTTTTTTTTTTTTTTTTTTTTTTTTTTTTTTTTTTTTTTTTTTTTTTTTTTTTTTTTCTTTTTA,TCTTTTTTTTTTTTGTTTTTTTTTTTTTTTTCTTTTTTTTTTTTTTTTTTTCTATTTTTGTTTTTTTTTTCTTTTTTTTTTTTTTTTTTTTTTTTTTTTT,TCTTTTTTTTTTTTTTTTTTTTTTTTTTTTTCTTTTTTTTTTTTTTTTTTTCTATTTTTGTTTTTTTTTTCTTTTTTTTTTTTTTTTTTTTTTTTTTTTT,TTTTTTTTTTTTTTTTTTTTTTTTTTTTTTTTTTTTTTTTTTTTTTTTTTTTTTTTTTTTTTTTTTTTTTTTTTTTTTTTTTTTTTTTTTTTTTTTTCTT,TTTTTTTTTTTTTTTTTTTTTTTTTTATTTTTTTTTTTTTTTTTTTTTTTTCTTTTTTTTTTTTTTTTTTTTTTTTTTTTTTTTTTTTTTTTTTTTTTTT,TTTTTTTTTTTTTTTTTTTTTTTTTTTTTTTTTTTTTTTTTTTTTTTTTTTCTTTTTTTTTTTTTTTTTTTTTTTTTTTTTTTTTTTTTTTTTTTTTTTT,TTTTTTTTTTTTTTTTTTTTCTTTTTTTTTTTTTTTTTTTTTTTTTTTTTTTTTTTTTTTTTTTTTTTTTTTTTTTTTTTTTTTTTTTTTTTTCTTTTTT,TTTTTTTTTTTTTTTTTTTTTTTTTTTTTTTTTTTTTTTTTTTTTTTTTTTTTTTGTTTTTTTTTTTTTTTTTTTTTTTTTTTTTTTTTTTTTTTTTTTT,TTTTTTTTTTTTTTTTTTTTTTTTTTTTTTTTTTTTTTTTTTTTTTTTTTTCTATTTTTTTTTTTTTTTTCTTTTTTTTTTTTTTTTTTTTTTTTTTTTT,TTTTTTTTTTTTTTTTTTTTTTTGTTTTTTTTTTTTTTTTTTTTTTTTTTTTTTTTTTTTTTTTTTTTTTTTTTTTTTTTTTTTTTTTTTTTTTTTTTTT,TTTTTTTTTTTTTTTTTTTTTTTTTTTTTTTTTTTCTTTTTTTTTTTTTTTTTTTTTTTTTTTTTTTTTTTTTTTTTTTTTTTTTTTTTTTTTTTTTTTT,TTTTTTTTTTTTTTTTTTTTTTTTTTTTTTTTTTTTGTTTTTTTTTTTTTTTTTTTTTTTTTTTTTTTTTTTTTTTTTTTTTTTTTTTTTTTTCTTTTTA
TTTTTTTTTTTTTTTTTTTTTTTTTTTTTTTTTTTTTTTTTTTTTTTTTTTTTTTTTTTTTTTTTTTTTTTTTTTTTTTTTTTTTTTTTTTTTTTTTTTT,0.0,0.01,0.01,0.02,0.07,0.06,0.01,0.02,0.01,0.02,0.01,0.03,0.01,0.01,0.03
TTTTTTTTTTTTTTTTTTTTTTTTTTTTTTTTTTTTTTTTTTTTTTTTTTTTTTTTTTTTTTTTTTTTTTTTTTTTTTTTTTTTTTTTTTTTTCTTTTTT,0.01,0.0,0.02,0.01,0.08,0.07,0.02,0.03,0.02,0.01,0.02,0.04,0.02,0.02,0.02
TTTTTTTTTTTTTTTTTTTTTTTTTTTTTTTTTTTTTTTTTTTTTTTTTTATTTTTTTTTTTTTTTTTTTTTTTTTTTTTTTTTTTTTTTTTTTTTTTTT,0.01,0.02,0.0,0.03,0.08,0.07,0.02,0.03,0.02,0.03,0.02,0.04,0.02,0.02,0.04
TTTTTTTTTTTTTTTTTTTTTTTTTTTTTTTTTTTTTTTTTTTTTTTTTTTTTTTTTTTTTTTTTTTTTTTTTTTTTTTTTTTTTTTTTTTTTCTTTTTA,0.02,0.01,0.03,0.0,0.09,0.08,0.03,0.04,0.03,0.02,0.03,0.05,0.03,0.03,0.01
TCTTTTTTTTTTTTGTTTTTTTTTTTTTTTTCTTTTTTTTTTTTTTTTTTTCTATTTTTGTTTTTTTTTTCTTTTTTTTTTTTTTTTTTTTTTTTTTTTT,0.07,0.08,0.08,0.09,0.0,0.01,0.08,0.07,0.06,0.09,0.08,0.04,0.08,0.08,0.1
TCTTTTTTTTTTTTTTTTTTTTTTTTTTTTTCTTTTTTTTTTTTTTTTTTTCTATTTTTGTTTTTTTTTTCTTTTTTTTTTTTTTTTTTTTTTTTTTTTT,0.06,0.07,0.07,0.08,0.01,0.0,0.07,0.06,0.05,0.08,0.07,0.03,0.07,0.07,0.09
TTTTTTTTTTTTTTTTTTTTTTTTTTTTTTTTTTTTTTTTTTTTTTTTTTTTTTTTTTTTTTTTTTTTTTTTTTTTTTTTTTTTTTTTTTTTTTTTTCTT,0.01,0.02,0.02,0.03,0.08,0.07,0.0,0.03,0.02,0.03,0.02,0.04,0.02,0.02,0.04
TTTTTTTTTTTTTTTTTTTTTTTTTTATTTTTTTTTTTTTTTTTTTTTTTTCTTTTTTTTTTTTTTTTTTTTTTTTTTTTTTTTTTTTTTTTTTTTTTTT,0.02,0.03,0.03,0.04,0.07,0.06,0.03,0.0,0.01,0.04,0.03,0.03,0.03,0.03,0.05
TTTTTTTTTTTTTTTTTTTTTTTTTTTTTTTTTTTTTTTTTTTTTTTTTTTCTTTTTTTTTTTTTTTTTTTTTTTTTTTTTTTTTTTTTTTTTTTTTTTT,0.01,0.02,0.02,0.03,0.06,0.05,0.02,0.01,0.0,0.03,0.02,0.02,0.02,0.02,0.04
TTTTTTTTTTTTTTTTTTTTCTTTTTTTTTTTTTTTTTTTTTTTTTTTTTTTTTTTTTTTTTTTTTTTTTTTTTTTTTTTTTTTTTTTTTTTTCTTTTTT,0.02,0.01,0.03,0.02,0.09,0.08,0.03,0.04,0.03,0.0,0.03,0.05,0.03,0.03,0.03
TTTTTTTTTTTTTTTTTTTTTTTTTTTTTTTTTTTTTTTTTTTTTTTTTTTTTTTGTTTTTTTTTTTTTTTTTTTTTTTTTTTTTTTTTTTTTTTTTTTT,0.01,0.02,0.02,0.03,0.08,0.07,0.02,0.03,0.02,0.03,0.0,0.04,0.02,0.02,0.04
TTTTTTTTTTTTTTTTTTTTTTTTTTTTTTTTTTTTTTTTTTTTTTTTTTTCTATTTTTTTTTTTTTTTTCTTTTTTTTTTTTTTTTTTTTTTTTTTTTT,0.03,0.04,0.04,0.05,0.04,0.03,0.04,0.03,0.02,0.05,0.04,0.0,0.04,0.04,0.06
TTTTTTTTTTTTTTTTTTTTTTTGTTTTTTTTTTTTTTTTTTTTTTTTTTTTTTTTTTTTTTTTTTTTTTTTTTTTTTTTTTTTTTTTTTTTTTTTTTTT,0.01,0.02,0.02,0.03,0.08,0.07,0.02,0.03,0.02,0.03,0.02,0.04,0.0,0.02,0.04
TTTTTTTTTTTTTTTTTTTTTTTTTTTTTTTTTTTCTTTTTTTTTTTTTTTTTTTTTTTTTTTTTTTTTTTTTTTTTTTTTTTTTTTTTTTTTTTTTTTT,0.01,0.02,0.02,0.03,0.08,0.07,0.02,0.03,0.02,0.03,0.02,0.04,0.02,0.0,0.04
TTTTTTTTTTTTTTTTTTTTTTTTTTTTTTTTTTTTGTTTTTTTTTTTTTTTTTTTTTTTTTTTTTTTTTTTTTTTTTTTTTTTTTTTTTTTTCTTTTTA,0.03,0.02,0.04,0.01,0.1,0.09,0.04,0.05,0.04,0.03,0.04,0.06,0.04,0.04,0.0
